month,valid_pct,NDVI,NDWI,SCL,water_pct_of_valid,usable
2024-01,70.4,True,False,True,33.09,True
2024-02,74.5,True,False,True,31.35,True
2024-03,77.0,True,False,True,31.86,True
2024-04,52.3,True,False,True,28.22,True
2024-05,38.7,True,False,True,25.38,True
2024-06,0.0,True,False,True,0.0,False
2024-07,0.0,True,False,True,0.0,False
2024-08,0.0,True,False,True,0.0,False
2024-09,0.0,True,False,True,0.0,False
2024-10,32.5,True,False,True,41.27,True
2024-11,73.4,True,False,True,35.62,True
2024-12,63.6,True,False,True,39.58,True
2025-01,72.6,True,False,True,35.52,True
2025-02,78.9,True,False,True,32.78,True
2025-03,77.8,True,False,True,32.0,True
2025-04,65.2,True,True,True,29.54,True
2025-05,18.1,True,True,True,13.93,True
2025-06,0.0,True,True,True,0.0,False
2025-07,0.0,True,True,True,0.0,False
2025-08,0.0,True,True,True,0.0,False
2025-09,0.0,True,True,True,0.0,False
